Image URL,View Count,Image Capture Date
https://lh5.googleusercontent.com/p/AF1QipPsRlV7KyCPZLT5eSRZYZN-M7t4X_JEZOYokojN=w600-h321-p-k-no,0,Unknown
https://lh5.googleusercontent.com/p/AF1QipMUI_PBH0g1ja2JpKwNV1-fhQUaZbhwi-NgWQhe=w600-h650-p-k-no,43,Unknown
https://lh5.googleusercontent.com/p/AF1QipOG_CKVXMdWqsZd204D7MZ_dXFUTHCvC92i7BWY=w600-h650-p-k-no,98,Unknown
https://lh5.googleusercontent.com/p/AF1QipNMHZX0oyUb8jpfRQbLCZnb1xkuXd2iLioKPFNQ=w600-h650-p-k-no,73,Unknown
https://lh5.googleusercontent.com/p/AF1QipPiqfVQagZ1qshEZFKZOVjQ70x25v3M2BrnqwnL=w600-h650-p-k-no,0,Sep 2024
https://lh5.googleusercontent.com/p/AF1QipN-rM-t9oaqjzda7E_Fn2u_mBHMIwNxn3o5h4dl=w600-h650-p-k-no,72,Sep 2024
https://lh5.googleusercontent.com/p/AF1QipMHTdB9DuQPUWUwAazt2V-XvNZ6CCbahKVYMYqD=w600-h650-p-k-no,42,Sep 2024
https://lh5.googleusercontent.com/p/AF1QipNGEs87Cy1WRsvGD_mbb-MjFX8MXKzxe54kxtck=w600-h988-p-k-no,919,Sep 2024
https://lh5.googleusercontent.com/p/AF1QipPrF1IOy64cGEAMXpo0HXjGJk1g2HmQHIMOrCU1=w600-h321-p-k-no,31,Sep 2024
https://lh5.googleusercontent.com/p/AF1QipOVOO-ywXO0CQssJMDK93RltToJYlNZXbfW81Cq=w600-h988-p-k-no,8939,Unknown
https://lh5.googleusercontent.com/p/AF1QipPQPKJ5BFQEGnA5yrbN2xFTRe23R33N6VlQgxUj=w600-h321-p-k-no,917,Sep 2024
https://lh5.googleusercontent.com/p/AF1QipOXgQQmAZqXrD5KB7kJ8VjbKvsS5OZq5pbGhlap=w600-h485-p-k-no,3195,Sep 2024
https://lh5.googleusercontent.com/p/AF1QipM__2zpVYG1IS1ddM4ng5z_JwhHi4feYlZoDt05=w600-h988-p-k-no,4314,Sep 2023
https://lh5.googleusercontent.com/p/AF1QipPa3QdS7t4flQ9_CEPPZHbsnZXHWKvuYSkURFEP=w600-h988-p-k-no,34,Unknown
https://lh5.googleusercontent.com/p/AF1QipNXMOaz6Gf2qon-0f0Bc6FkXbLoy9zND_SmMz_T=w600-h321-p-k-no,371,Sep 2023
https://lh5.googleusercontent.com/p/AF1QipMIbGhppde1lLE24VBMrtUEWuZU08aO0cDEgDaB=w600-h988-p-k-no,62,Sep 2023
https://lh5.googleusercontent.com/p/AF1QipN1rG7QTQehwxLPbYElhz_3tmNyzJrdeGOAu6UQ=w600-h485-p-k-no,630,Sep 2023
https://lh5.googleusercontent.com/p/AF1QipNQmY8G4gSWyYU6-I9kd-g8x67BKVh1gbdOY3P-=w600-h650-p-k-no,2394,Sep 2023
https://lh5.googleusercontent.com/p/AF1QipMrKevYceYZ81BdEdhelU6XVyu0_MoRR1GwSP6F=w600-h650-p-k-no,382,Sep 2023
https://lh5.googleusercontent.com/p/AF1QipMX7sYAId1P8vgkJjLJm78RCaCEZpI2joe65Zhw=w600-h650-p-k-no,56,Sep 2022
https://lh5.googleusercontent.com/p/AF1QipO4SqrzqO2qZwY5Jqy8hFzFxBLA7g9NJkRt-DAT=w600-h650-p-k-no,55,Sep 2022
https://lh5.googleusercontent.com/p/AF1QipNu5_K6ktuqlzNLHyMZrBoOjb0sBREyppeWmAaq=w600-h650-p-k-no,1176,Sep 2022
https://lh5.googleusercontent.com/p/AF1QipNgq4X9m_QD21ML42I6yu5zduFDYLrqYUSeLZ6f=w600-h650-p-k-no,426,Sep 2022
https://lh5.googleusercontent.com/p/AF1QipOhB-3rrEYoqqk6R-38Lmnita36Q0MoMyOJjh4X=w600-h485-p-k-no,2913,Sep 2022
https://lh5.googleusercontent.com/p/AF1QipMyZXKtXYtfAohqH75rgKKYFvROTa_oJmxKtSQh=w600-h988-p-k-no,2958,Sep 2022
https://lh5.googleusercontent.com/p/AF1QipPqIUkxCUO7NB0K4Yo1UADK0tCxfRLQj5l-ctfv=w600-h321-p-k-no,390,Sep 2022
https://lh5.googleusercontent.com/p/AF1QipOVXBKUfwEwOFLYHzvMpz48ymFWz1jw5_G7JuGt=w600-h321-p-k-no,284,Sep 2022
https://lh5.googleusercontent.com/p/AF1QipOYKY8YDJ4vzO_PaDZs0GM57CHK8Q4GRGLsy-nU=w600-h988-p-k-no,80,Sep 2022
https://lh5.googleusercontent.com/p/AF1QipOaSvNYuBbKiBmTTY1TNfEDQBof-m1hDyGq9_8z=w600-h988-p-k-no,70,Sep 2022
https://lh5.googleusercontent.com/p/AF1QipOfNByuJsvNyTxsAM5WIc8kJjW3XGg80xT7_sMN=w600-h321-p-k-no,4827,Sep 2022
https://lh5.googleusercontent.com/p/AF1QipM1-_K9nMhmYmeXDkH_mIWQkj6NnLWm3Z-WG26j=w600-h321-p-k-no,57,Sep 2022
https://lh5.googleusercontent.com/p/AF1QipNRVc1SvKySBP2_dz4RFjOhTWJ9DrvkqhaBzSop=w600-h988-p-k-no,1592,Sep 2022
https://lh5.googleusercontent.com/p/AF1QipOuAeKu-GKrzbbtSqosKHTKD3PKLX0K5F04aFxt=w600-h321-p-k-no,7709,Sep 2022
https://lh5.googleusercontent.com/p/AF1QipP8B-J2PKxN82our4cayTSj9EdHUYIh2Ms4U3ri=w600-h321-p-k-no,12665,Sep 2022
https://lh5.googleusercontent.com/p/AF1QipOizogcbtpvQb8DGgW_zLaNQ5QKOOHZO3xdwfiB=w600-h650-p-k-no,20939,Sep 2022
https://lh5.googleusercontent.com/p/AF1QipPTXas6eA7f5ucnglfph9rpg49RY_wBwMp6Daeu=w600-h650-p-k-no,22352,Sep 2022
https://lh5.googleusercontent.com/p/AF1QipM33BeNXWHghSNNWQCgZPi1pEf-ISy28SIMq7D0=w600-h650-p-k-no,1241,Sep 2022
https://lh5.googleusercontent.com/p/AF1QipOkxFK6ncxCm-cwCJx7qWXM8sPoMIzVNZWCtux4=w600-h650-p-k-no,542,Sep 2022
https://lh5.googleusercontent.com/p/AF1QipM0ctByjusIB-mXt-PszhNYT-zDAAm0IURigQpg=w600-h321-p-k-no,6310,Sep 2022
https://lh5.googleusercontent.com/p/AF1QipPv2f8oJV1KKdr0tw95EUiIObk5_afRd0cZ2DlE=w600-h650-p-k-no,2832,Sep 2022
https://lh5.googleusercontent.com/p/AF1QipO910nut-cL4jpkYB6eh4WvZVD01gX6lDPkRTrl=w600-h650-p-k-no,5973,Sep 2022
https://lh5.googleusercontent.com/p/AF1QipN7yVAUEHhdRoGkk_3R2eSrDTu3eA49ufdMzQAb=w600-h650-p-k-no,14285,Sep 2022
https://lh5.googleusercontent.com/p/AF1QipNq0U_Bqwp46tWrt1tDGZv30clEHbmaeH6YPMIC=w600-h650-p-k-no-pi0-ya0-ro0-fo100,127,Unknown
https://lh5.googleusercontent.com/p/AF1QipMvmdujSR3QgsmR6a5tMqPSdqA_It9l3aBOnUFF=w600-h321-p-k-no,140,Sep 2022
https://lh5.googleusercontent.com/p/AF1QipPlJ0Svb0NRx5VShbO6QqTuLuTebJM3xHa1C06A=w600-h321-p-k-no,10073,Sep 2022
https://lh5.googleusercontent.com/p/AF1QipNz0GBdGSofIbDyQilBycLmjDwbXma3GCH80PTW=w600-h321-p-k-no,10510,Sep 2022
https://lh5.googleusercontent.com/p/AF1QipN2Voh40eLpkd-QiQiMD57vQLqr15xAIYOYCBBD=w600-h988-p-k-no,214,Sep 2022
https://lh5.googleusercontent.com/p/AF1QipOMH39daXYmtHOhxc1dbZHiLYpRDgQFNXb-3P46=w600-h321-p-k-no,9331,Sep 2022
https://lh5.googleusercontent.com/p/AF1QipPxyD4l25Ak46sTiMCkbprwjvxdVZGWTAfdpk81=w600-h321-p-k-no,823068,Sep 2022
https://lh5.googleusercontent.com/p/AF1QipO7X3h0huIra8e4Q1iKT-3UEAHF__2VO4hxQHLe=w600-h988-p-k-no,262,Sep 2022
https://lh5.googleusercontent.com/p/AF1QipNNllviH8FvfYE5xlj7rLjEdVvYf-039-wG6jE8=w600-h650-p-k-no,136,Sep 2022
https://lh5.googleusercontent.com/p/AF1QipMCPcDAooLtLfFdBjOcz6YzULDCfPMLWjqwczhd=w600-h650-p-k-no,136,Sep 2022
https://lh5.googleusercontent.com/p/AF1QipPhiWascW06jZWmqXWwACLfn5sdaQRZZ5Amrsgx=w600-h321-p-k-no,144,Sep 2022
https://lh5.googleusercontent.com/p/AF1QipMIqJX__7XUIugAD1qqka8ci9u9qpAOyNqiYi1T=w600-h988-p-k-no,4476,Sep 2022
https://lh5.googleusercontent.com/p/AF1QipMuUntyDvMRPG-Qgd5T0C3crMTwDlzi9_2LGaPJ=w600-h321-p-k-no,9308,Sep 2022
https://lh5.googleusercontent.com/p/AF1QipNnYxDIc3dBjNAj3jn7a59HB0XP54GN_BtMKcpw=w600-h321-p-k-no,38814,Sep 2022
https://lh5.googleusercontent.com/p/AF1QipM2EzNIf_L_yuneK9_DlZWUyWkmZ1JoU9_rRk6E=w600-h321-p-k-no,11250,Sep 2022
https://lh5.googleusercontent.com/p/AF1QipOnlmA-Sa5O9RhQpOqyJsomRkgt38i0C4BhK2cp=w600-h321-p-k-no,10830,May 2016
https://lh5.googleusercontent.com/p/AF1QipN4bqxV9hdEXj4ryFTxVWhqd5ul4vlcEsafLJs4=w600-h321-p-k-no,9241,May 2016
https://lh5.googleusercontent.com/p/AF1QipOpXeDDPiiHEwmSdbsCh7IdehHhAvgi0-mM4yCK=w600-h321-p-k-no,13786,Apr 2016